{
  "Component-dbg.js": 1727266684240,
  "ext/main/Main.controller.js": 1733994145579,
  "manifest.json": 1750843624776,
  "Component.js": 1727266684240,
  "i18n/i18n.properties": 1747474197447,
  "Component.js.map": 1750843624941,
  "ext/main/Main-dbg.controller.js": 1733994145579,
  "ext/main/Main.controller.js.map": 1750843624950,
  "Component-preload.js": 1750843625152,
  "Component-preload.js.map": 1750843625152,
  "ext/main/ProcessLogs/ProcessLogsTimeline.fragment.xml": 1748955201191,
  "ext/main/Main.view.xml": 1748968437706,
  "index.html": 1748967897637
}