<mvc:View xmlns:core="sap.ui.core" xmlns:l="sap.ui.layout" xmlns:f="sap.f" xmlns:mvc="sap.ui.core.mvc" xmlns="sap.m" xmlns:macros="sap.fe.macros" xmlns:html="http://www.w3.org/1999/xhtml" controllerName="ns.invoiceui.ext.main.Main">
    <f:DynamicPage id="FilterBarDefault" class="sapUiResponsiveContentPadding">
        <f:title>
            <f:DynamicPageTitle id="_IDGenDynamicPageTitle1">
                <f:heading>
                    <Title id="_IDGenTitle1" text="Invoice Automation Logs" level="H2"/>
                </f:heading>
                <f:snappedContent>
                    <Text id="text-01" text="{fbConditions>/filtersTextInfo}"/>
                </f:snappedContent>
            </f:DynamicPageTitle>
        </f:title>
        <f:header>
            <f:DynamicPageHeader id="_IDGenDynamicPageHeader1" pinnable="true">
                <VBox id="_IDGenVBox1">
                    <macros:FilterBar id="FilterBar1" metaPath="@com.sap.vocabularies.UI.v1.SelectionFields" liveMode="true" search=".handlers.onFiltersChanged" filterChanged=".handlers.onFiltersChanged" showClearButton="true" showMessages="true"/>
                </VBox>
            </f:DynamicPageHeader>
        </f:header>
        <f:content>
            <macros:Table id="table-1" metaPath="@com.sap.vocabularies.UI.v1.LineItem" filterBar="FilterBar1" readOnly="true" enableAutoColumnWidth="true" header="List of Mails" headerVisible="true" isSearchable="true" selectionMode="Multi" type="ResponsiveTable" personalization="false" rowCountMode="Auto" variantManagement="Page" enableExport="false"/>
        </f:content>
    </f:DynamicPage>
</mvc:View>