{
  "Component-dbg.js": 1734001722931,
  "ext/main/Main.controller.js": 1749054508357,
  "ext/view/SearchItemCust20.controller.js": 1734443635624,
  "manifest.json": 1750690867078,
  "Component.js": 1734001722931,
  "ext/view/SearchItemCust20-dbg.controller.js": 1734443635624,
  "ext/view/SearchItemCust20.controller.js.map": 1750690867286,
  "ext/main/Main-dbg.controller.js": 1749054508357,
  "ext/main/Main.controller.js.map": 1750690867293,
  "i18n/i18n.properties": 1747402068878,
  "Component.js.map": 1750690867284,
  "Component-preload.js": 1750690867504,
  "Component-preload.js.map": 1750690867504,
  "ext/main/Main.view.xml": 1750058128128,
  "ext/view/SearchItemCust20.view.xml": 1734443635624,
  "index.html": 1734001722931
}