{
  "ext/view/SearchItemCust20.view.xml": 1734443635624,
  "manifest.json": 1748968480756,
  "ext/main/Main.controller.js": 1734089095924,
  "ext/view/SearchItemCust20.controller.js": 1734443635624,
  "Component.js": 1734001722931,
  "ext/view/SearchItemCust20-dbg.controller.js": 1734443635624,
  "ext/view/SearchItemCust20.controller.js.map": 1748968481031,
  "ext/main/Main-dbg.controller.js": 1734089095924,
  "ext/main/Main.controller.js.map": 1748968481030,
  "Component-dbg.js": 1734001722931,
  "Component.js.map": 1748968481035,
  "Component-preload.js": 1748968481127,
  "Component-preload.js.map": 1748968481127,
  "i18n/i18n.properties": 1747402068878,
  "ext/main/Main.view.xml": 1734089070889,
  "index.html": 1734001722931
}