{
  "index.html": 1734001722931,
  "ext/main/Main.controller.js": 1749054508357,
  "ext/view/SearchItemCust20.controller.js": 1734443635624,
  "manifest.json": 1750772320213,
  "Component.js": 1734001722931,
  "ext/view/SearchItemCust20-dbg.controller.js": 1734443635624,
  "ext/view/SearchItemCust20.controller.js.map": 1750772320374,
  "ext/main/Main-dbg.controller.js": 1749054508357,
  "ext/main/Main.controller.js.map": 1750772320379,
  "Component-dbg.js": 1734001722931,
  "Component.js.map": 1750772320376,
  "Component-preload.js": 1750772320602,
  "Component-preload.js.map": 1750772320602,
  "ext/view/SearchItemCust20.view.xml": 1734443635624,
  "ext/main/Main.view.xml": 1750058128128,
  "i18n/i18n.properties": 1747402068878
}