{
  "manifest.json": 1734954957876,
  "i18n/i18n.properties": 1734954859566,
  "ext/main/Main.controller.js": 1734089095924,
  "ext/view/SearchItemCust20.controller.js": 1734443635624,
  "Component.js": 1734001722931,
  "ext/view/SearchItemCust20-dbg.controller.js": 1734443635624,
  "ext/view/SearchItemCust20.controller.js.map": 1734954958133,
  "ext/main/Main-dbg.controller.js": 1734089095924,
  "ext/main/Main.controller.js.map": 1734954958142,
  "Component-dbg.js": 1734001722931,
  "Component.js.map": 1734954958134,
  "Component-preload.js": 1734954958376,
  "Component-preload.js.map": 1734954958376,
  "ext/view/SearchItemCust20.view.xml": 1734443635624,
  "ext/main/Main.view.xml": 1734089070889,
  "index.html": 1734001722931
}