{
  "Component-preload.js": 1747423673688,
  "ext/view/SearchItemCust20.controller.js": 1734443635624,
  "ext/main/Main.controller.js": 1734089095924,
  "manifest.json": 1747423673256,
  "Component.js": 1734001722931,
  "ext/main/Main-dbg.controller.js": 1734089095924,
  "ext/main/Main.controller.js.map": 1747423673466,
  "ext/view/SearchItemCust20-dbg.controller.js": 1734443635624,
  "ext/view/SearchItemCust20.controller.js.map": 1747423673452,
  "Component-dbg.js": 1734001722931,
  "Component.js.map": 1747423673452,
  "i18n/i18n.properties": 1747402068878,
  "Component-preload.js.map": 1747423673688,
  "ext/view/SearchItemCust20.view.xml": 1734443635624,
  "ext/main/Main.view.xml": 1734089070889,
  "index.html": 1734001722931
}