{
  "manifest.json": 1750871031569,
  "i18n/i18n.properties": 1747402068878,
  "ext/main/Main.controller.js": 1749054508357,
  "ext/view/SearchItemCust20.controller.js": 1734443635624,
  "Component.js": 1734001722931,
  "ext/main/Main-dbg.controller.js": 1749054508357,
  "ext/main/Main.controller.js.map": 1750871031777,
  "ext/view/SearchItemCust20-dbg.controller.js": 1734443635624,
  "ext/view/SearchItemCust20.controller.js.map": 1750871031770,
  "Component-dbg.js": 1734001722931,
  "Component.js.map": 1750871031771,
  "Component-preload.js": 1750871032033,
  "Component-preload.js.map": 1750871032033,
  "ext/view/SearchItemCust20.view.xml": 1734443635624,
  "ext/main/Main.view.xml": 1750058128128,
  "index.html": 1734001722931
}