{
  "ext/view/SearchItemCust20-dbg.controller.js": 1734443635624,
  "manifest.json": 1751971486540,
  "ext/main/Main.controller.js": 1749054508357,
  "ext/view/SearchItemCust20.controller.js": 1734443635624,
  "Component.js": 1734001722931,
  "ext/main/Main-dbg.controller.js": 1749054508357,
  "ext/main/Main.controller.js.map": 1751971486964,
  "i18n/i18n.properties": 1747402068878,
  "ext/view/SearchItemCust20.controller.js.map": 1751971486952,
  "Component-dbg.js": 1734001722931,
  "Component.js.map": 1751971486953,
  "Component-preload.js": 1751971487256,
  "Component-preload.js.map": 1751971487256,
  "ext/view/SearchItemCust20.view.xml": 1734443635624,
  "ext/main/Main.view.xml": 1750058128128,
  "index.html": 1734001722931
}