{
  "ext/main/Main.controller.js.map": 1750843629746,
  "ext/view/SearchItemCust20.controller.js": 1734443635624,
  "ext/main/Main.controller.js": 1749054508357,
  "manifest.json": 1750843629526,
  "Component.js": 1734001722931,
  "Component-dbg.js": 1734001722931,
  "Component.js.map": 1750843629737,
  "ext/main/Main-dbg.controller.js": 1749054508357,
  "i18n/i18n.properties": 1747402068878,
  "ext/view/SearchItemCust20-dbg.controller.js": 1734443635624,
  "ext/view/SearchItemCust20.controller.js.map": 1750843629733,
  "Component-preload.js": 1750843629998,
  "Component-preload.js.map": 1750843629998,
  "ext/view/SearchItemCust20.view.xml": 1734443635624,
  "ext/main/Main.view.xml": 1750058128128,
  "index.html": 1734001722931
}