{
  "Component-preload.js.map": 1744715664280,
  "ext/view/SearchItemCust20.controller.js": 1734443635624,
  "ext/main/Main.controller.js": 1734089095924,
  "manifest.json": 1744715663896,
  "Component.js": 1734001722931,
  "ext/view/SearchItemCust20-dbg.controller.js": 1734443635624,
  "ext/view/SearchItemCust20.controller.js.map": 1744715664096,
  "ext/main/Main-dbg.controller.js": 1734089095924,
  "ext/main/Main.controller.js.map": 1744715664093,
  "Component-dbg.js": 1734001722931,
  "Component.js.map": 1744715664096,
  "Component-preload.js": 1744715664280,
  "i18n/i18n.properties": 1734954859566,
  "ext/view/SearchItemCust20.view.xml": 1734443635624,
  "ext/main/Main.view.xml": 1734089070889,
  "index.html": 1734001722931
}