{
  "ext/main/Main.controller.js": 1749054508357,
  "ext/view/SearchItemCust20.controller.js": 1734443635624,
  "i18n/i18n.properties": 1747402068878,
  "manifest.json": 1750785994444,
  "Component.js": 1734001722931,
  "Component-dbg.js": 1734001722931,
  "Component.js.map": 1750785994656,
  "ext/main/Main-dbg.controller.js": 1749054508357,
  "ext/main/Main.controller.js.map": 1750785994666,
  "ext/view/SearchItemCust20-dbg.controller.js": 1734443635624,
  "ext/view/SearchItemCust20.controller.js.map": 1750785994664,
  "Component-preload.js": 1750785994878,
  "Component-preload.js.map": 1750785994878,
  "ext/view/SearchItemCust20.view.xml": 1734443635624,
  "ext/main/Main.view.xml": 1750058128128,
  "index.html": 1734001722931
}